{"stats":{"minecraft:killed":{"minecraft:sheep":1,"minecraft:skeleton":1},"minecraft:picked_up":{"minecraft:sponge":1,"minecraft:bone":1,"minecraft:spruce_sapling":1,"minecraft:oak_log":12,"minecraft:light_blue_bed":1,"minecraft:egg":2},"minecraft:used":{"minecraft:potion":1,"minecraft:oak_planks":48,"minecraft:sponge":660,"minecraft:egg":1,"minecraft:light_blue_bed":2},"minecraft:crafted":{"minecraft:oak_planks":48},"minecraft:mined":{"gravestone:gravestone":2,"minecraft:oak_log":13,"minecraft:spruce_leaves":4,"minecraft:birch_leaves":1,"minecraft:oak_leaves":10},"minecraft:dropped":{"minecraft:sponge":1,"minecraft:light_blue_bed":1,"minecraft:egg":1},"minecraft:custom":{"minecraft:time_since_rest":355,"minecraft:crouch_one_cm":8,"minecraft:sprint_one_cm":17543,"minecraft:play_time":38091,"minecraft:damage_taken":1010,"minecraft:deaths":4,"minecraft:walk_one_cm":49645,"minecraft:sneak_time":581,"minecraft:walk_under_water_one_cm":31858,"minecraft:mob_kills":2,"minecraft:drop":3,"minecraft:jump":418,"minecraft:damage_dealt":280,"minecraft:leave_game":6,"minecraft:walk_on_water_one_cm":20739,"minecraft:time_since_death":331,"minecraft:sleep_in_bed":2,"minecraft:total_world_time":38091,"minecraft:swim_one_cm":639,"minecraft:fall_one_cm":8147,"minecraft:fly_one_cm":80011}},"DataVersion":3465}