{"stats":{"minecraft:dropped":{"minecraft:sponge":1,"minecraft:light_blue_bed":1,"minecraft:egg":1},"minecraft:used":{"minecraft:potion":1,"minecraft:sponge":659,"minecraft:light_blue_bed":2},"minecraft:killed":{"minecraft:sheep":1,"minecraft:skeleton":1},"minecraft:custom":{"minecraft:time_since_rest":8229,"minecraft:crouch_one_cm":8,"minecraft:sprint_one_cm":11768,"minecraft:play_time":33043,"minecraft:deaths":2,"minecraft:damage_taken":480,"minecraft:walk_one_cm":40117,"minecraft:sneak_time":581,"minecraft:walk_under_water_one_cm":31858,"minecraft:mob_kills":2,"minecraft:drop":3,"minecraft:jump":267,"minecraft:damage_dealt":280,"minecraft:leave_game":5,"minecraft:walk_on_water_one_cm":20739,"minecraft:time_since_death":17491,"minecraft:sleep_in_bed":1,"minecraft:total_world_time":33043,"minecraft:swim_one_cm":639,"minecraft:fall_one_cm":418,"minecraft:fly_one_cm":74956},"minecraft:picked_up":{"minecraft:sponge":1,"minecraft:bone":1,"minecraft:light_blue_bed":1,"minecraft:egg":2}},"DataVersion":3465}