{"stats":{"minecraft:used":{"minecraft:oak_trapdoor":12,"minecraft:lava_bucket":53,"minecraft:firework_rocket":130,"minecraft:spruce_door":29,"minecraft:flint_and_steel":36,"minecraft:oak_planks":48,"minecraft:elytra":1,"minecraft:light_blue_bed":2,"minecraft:netherite_boots":1,"minecraft:tadpole_bucket":47,"minecraft:potion":1,"minecraft:bow":16,"minecraft:netherite_leggings":1,"minecraft:tnt":260,"minecraft:bucket":3,"minecraft:sponge":678,"minecraft:netherite_helmet":1,"minecraft:egg":1,"minecraft:splash_potion":2,"minecraft:obsidian":37},"minecraft:crafted":{"minecraft:oak_planks":48},"minecraft:picked_up":{"minecraft:sponge":1,"minecraft:oak_log":12,"minecraft:spruce_sapling":1,"minecraft:spruce_log":8,"minecraft:light_blue_bed":1,"minecraft:spruce_door":1,"minecraft:dirt":26,"minecraft:flint_and_steel":1,"minecraft:bone":2,"minecraft:nether_bricks":70,"minecraft:gold_nugget":13,"minecraft:cobblestone":10,"minecraft:netherrack":87,"minecraft:egg":2},"minecraft:dropped":{"minecraft:tipped_arrow":448,"minecraft:sponge":1,"minecraft:jungle_log":1,"minecraft:potion":1,"minecraft:birch_pressure_plate":2,"gravestone:obituary":2,"minecraft:jungle_wood":2,"minecraft:spruce_log":1,"minecraft:birch_button":1,"minecraft:bow":1,"minecraft:jungle_planks":1,"minecraft:light_blue_bed":2,"minecraft:spruce_sapling":1,"minecraft:flint_and_steel":1,"minecraft:bone":1,"minecraft:egg":1},"minecraft:custom":{"minecraft:time_since_rest":43832,"minecraft:sprint_one_cm":36384,"minecraft:damage_taken":1240,"minecraft:walk_one_cm":89069,"minecraft:mob_kills":17,"minecraft:drop":467,"minecraft:damage_dealt":330,"minecraft:swim_one_cm":5813,"minecraft:fly_one_cm":541812,"minecraft:crouch_one_cm":132,"minecraft:play_time":81568,"minecraft:deaths":4,"minecraft:sneak_time":1318,"minecraft:walk_under_water_one_cm":54458,"minecraft:aviate_one_cm":1200353,"minecraft:jump":588,"minecraft:leave_game":10,"minecraft:time_since_death":43808,"minecraft:walk_on_water_one_cm":24490,"minecraft:sleep_in_bed":2,"minecraft:total_world_time":81568,"minecraft:fall_one_cm":9510},"minecraft:mined":{"minecraft:birch_leaves":2,"gravestone:gravestone":2,"minecraft:oak_log":13,"minecraft:spruce_leaves":4,"minecraft:oak_leaves":10},"minecraft:killed":{"minecraft:sheep":1,"minecraft:skeleton":2,"minecraft:piglin":1,"minecraft:zombified_piglin":3,"minecraft:chicken":1,"minecraft:salmon":5,"minecraft:wither_skeleton":1,"minecraft:creeper":1,"minecraft:cow":2}},"DataVersion":3465}