{"stats":{"minecraft:used":{"minecraft:oak_trapdoor":12,"minecraft:lava_bucket":55,"minecraft:firework_rocket":175,"minecraft:spruce_door":29,"minecraft:flint_and_steel":55,"minecraft:oak_planks":48,"minecraft:elytra":1,"minecraft:light_blue_bed":2,"minecraft:netherite_boots":1,"minecraft:tadpole_bucket":55,"minecraft:potion":1,"minecraft:bow":16,"minecraft:netherite_leggings":1,"minecraft:tnt":346,"minecraft:bucket":4,"minecraft:sponge":692,"minecraft:netherite_helmet":1,"minecraft:egg":1,"minecraft:obsidian":40,"minecraft:splash_potion":2},"minecraft:crafted":{"minecraft:oak_planks":48},"minecraft:picked_up":{"minecraft:sponge":1,"minecraft:dark_oak_sapling":2,"minecraft:stick":2,"minecraft:oak_log":12,"minecraft:spruce_sapling":1,"minecraft:spruce_log":8,"minecraft:light_blue_bed":1,"minecraft:spruce_door":1,"minecraft:dirt":26,"minecraft:flint_and_steel":1,"minecraft:bone":2,"minecraft:wheat_seeds":1,"minecraft:nether_bricks":70,"minecraft:gold_nugget":13,"minecraft:netherrack":87,"minecraft:cobblestone":10,"minecraft:egg":2},"minecraft:dropped":{"minecraft:tipped_arrow":448,"minecraft:sponge":1,"minecraft:jungle_log":1,"minecraft:potion":1,"minecraft:birch_pressure_plate":2,"gravestone:obituary":2,"minecraft:jungle_wood":2,"minecraft:spruce_log":1,"minecraft:birch_button":1,"minecraft:bow":1,"minecraft:jungle_planks":1,"minecraft:light_blue_bed":2,"minecraft:spruce_sapling":1,"minecraft:flint_and_steel":1,"minecraft:bone":1,"minecraft:egg":1},"minecraft:custom":{"minecraft:time_since_rest":741,"minecraft:sprint_one_cm":43730,"minecraft:damage_taken":1292,"minecraft:walk_one_cm":110298,"minecraft:mob_kills":24,"minecraft:drop":467,"minecraft:damage_dealt":330,"minecraft:swim_one_cm":5813,"minecraft:fly_one_cm":603725,"minecraft:crouch_one_cm":132,"minecraft:play_time":121695,"minecraft:deaths":5,"minecraft:sneak_time":1416,"minecraft:walk_under_water_one_cm":60693,"minecraft:aviate_one_cm":1984769,"minecraft:jump":733,"minecraft:leave_game":16,"minecraft:time_since_death":704,"minecraft:walk_on_water_one_cm":26738,"minecraft:sleep_in_bed":2,"minecraft:total_world_time":121695,"minecraft:fall_one_cm":10782},"minecraft:mined":{"minecraft:birch_leaves":2,"gravestone:gravestone":2,"minecraft:oak_log":13,"minecraft:spruce_leaves":4,"minecraft:oak_leaves":10},"minecraft:killed":{"minecraft:sheep":1,"minecraft:skeleton":3,"minecraft:piglin":1,"minecraft:zombie":2,"minecraft:zombified_piglin":3,"minecraft:chicken":1,"minecraft:salmon":5,"minecraft:tadpole":2,"minecraft:wither_skeleton":1,"minecraft:creeper":3,"minecraft:cow":2}},"DataVersion":3465}