{"stats":{"minecraft:custom":{"minecraft:jump":203,"minecraft:time_since_rest":417,"minecraft:crouch_one_cm":8,"minecraft:walk_on_water_one_cm":18269,"minecraft:deaths":2,"minecraft:leave_game":4,"minecraft:play_time":25231,"minecraft:sprint_one_cm":6434,"minecraft:damage_taken":480,"minecraft:time_since_death":9679,"minecraft:walk_one_cm":28828,"minecraft:sleep_in_bed":1,"minecraft:sneak_time":405,"minecraft:total_world_time":25231,"minecraft:walk_under_water_one_cm":18499,"minecraft:swim_one_cm":639,"minecraft:fall_one_cm":418,"minecraft:fly_one_cm":54631},"minecraft:used":{"minecraft:sponge":556,"minecraft:light_blue_bed":1},"minecraft:picked_up":{"minecraft:egg":1}},"DataVersion":3465}